taz,cluster_id
13,1723
14,13
15,2012
16,2012
17,14
18,916
19,1856
20,751
21,751
22,1379
23,1379
24,15
25,16
26,17
27,18
28,945
29,945
30,916
31,1259
32,999
33,1856
34,1992
35,916
36,999
37,916
38,1659
39,1992
40,1856
41,1856
42,999
43,19
44,1992
45,1659
46,1992
47,1856
48,1992
49,1659
50,1659
51,20
52,1992
53,1992
54,1495
55,21
56,1655
57,22
58,868
59,868
60,954
61,954
62,1659
63,1715
64,1534
65,954
66,1534
67,1830
68,23
69,1830
70,954
71,1715
72,1692
73,1534
74,1715
75,24
76,1830
77,1830
78,1830
79,1830
80,1830
81,1856
82,1495
83,1853
84,1853
85,1162
86,1162
87,1830
88,1715
89,1534
90,1534
91,1534
92,1853
93,1856
94,1386
95,1534
96,1162
97,1692
98,25
99,1853
100,917
101,26
102,27
103,917
104,793
105,1692
106,1692
107,1692
108,1495
109,1495
110,1386
111,1995
112,793
113,1692
114,1655
115,28
116,793
117,29
118,1807
119,1495
120,1321
121,1692
122,1995
123,1995
124,1995
125,1882
126,774
127,774
128,879
129,747
130,747
131,1958
132,1495
133,1882
134,879
135,30
136,1882
137,1386
138,1688
139,1882
140,1688
141,879
142,879
143,31
144,1688
145,1688
146,879
147,1194
148,745
149,879
150,1116
151,1116
152,879
153,1958
154,32
155,745
156,745
157,745
158,1116
159,1421
160,745
161,33
162,1958
163,1224
164,892
165,745
166,34
167,2003
168,35
169,1421
170,1116
171,1000
172,1194
173,1688
174,892
175,2003
176,892
177,1080
178,1421
179,1688
180,1776
181,2003
182,1776
183,2003
184,1776
185,1807
186,1000
187,1080
188,36
189,1421
190,37
191,1259
192,1776
193,813
194,38
195,1224
196,1054
197,2002
198,39
199,1271
200,1134
201,956
202,1134
203,783
204,1710
205,827
206,1054
207,1080
208,1610
209,1054
210,1610
211,813
212,888
213,2002
214,783
215,827
216,1807
217,1301
218,1710
219,1260
220,1864
221,888
222,1271
223,888
224,1213
225,1051
226,1054
227,1015
228,1271
229,1301
230,1266
231,1259
232,2002
233,1864
234,1174
235,1271
236,1260
237,1213
238,1301
239,1864
240,2002
241,750
242,956
243,851
244,851
245,40
246,1174
247,1266
248,1266
249,1710
250,41
251,1266
252,1960
253,1960
254,761
255,1015
256,956
257,1051
258,1015
259,2002
260,1112
261,956
262,42
263,1825
264,1885
265,1159
266,1388
267,853
268,1825
269,1388
270,43
271,750
272,833
273,1960
274,2002
275,1112
276,1112
277,853
278,851
279,1527
280,1825
281,1250
282,1051
283,1047
284,761
285,1047
286,1960
287,1212
288,2002
289,1212
290,1515
291,2002
292,1960
293,1960
294,1960
295,1515
296,1825
297,1527
298,1710
299,1174
300,833
301,44
302,1159
303,45
304,1321
305,46
306,842
307,1141
308,47
309,1611
310,944
311,1805
312,1805
313,1527
314,1515
315,48
316,842
317,1250
318,1047
319,1047
320,944
321,1701
322,1482
323,913
324,1515
325,1047
326,1051
327,49
328,1602
329,1885
330,1141
331,913
332,1250
333,1701
334,1701
335,50
336,1723
337,1784
338,1611
339,1701
340,1701
341,1607
342,1611
343,1527
344,1482
345,1680
346,1599
347,843
348,1680
349,1527
350,944
351,1611
352,1998
353,1680
354,1680
355,843
356,843
357,1047
358,1051
359,1141
360,1443
361,1723
362,1680
363,1515
364,1607
365,1602
366,1723
367,1998
368,1602
369,1602
370,843
371,1532
372,1998
373,1723
374,1443
375,1998
376,1998
377,920
378,1607
379,1532
380,1009
381,1607
382,1602
383,1515
384,1009
385,1599
386,1052
387,51
388,52
389,53
390,1351
391,1047
392,1838
393,54
394,913
395,777
396,1452
397,1607
398,1250
399,1482
400,1607
401,1052
402,1784
403,1942
404,1784
405,777
406,1998
407,1351
408,1351
409,1532
410,1838
411,920
412,1942
413,1482
414,1602
415,821
416,1532
417,1758
418,821
419,821
420,55
421,1790
422,56
423,1452
424,1838
425,1305
426,1758
427,1452
428,1942
429,1305
430,57
431,753
432,1915
433,1419
434,1942
435,1838
436,1419
437,1840
438,1544
439,1544
440,1351
441,1840
442,1784
443,58
444,1840
445,1942
446,1700
447,59
448,1532
449,920
450,1223
451,60
452,1790
453,61
454,1021
455,1027
456,1915
457,828
458,985
459,1840
460,1544
461,1115
462,1544
463,1298
464,901
465,1255
466,1790
467,1915
468,1758
469,1840
470,1419
471,1027
472,1240
473,1598
474,1790
475,1061
476,1223
477,1598
478,1021
479,62
480,1915
481,1204
482,1700
483,1544
484,63
485,753
486,64
487,776
488,755
489,1027
490,1255
491,65
492,1250
493,1790
494,1808
495,1835
496,828
497,1700
498,1840
499,1163
500,1366
501,1840
502,1298
503,877
504,985
505,1199
506,849
507,1601
508,1027
509,1115
510,755
511,66
512,1061
513,1199
514,1840
515,67
516,817
517,1601
518,1223
519,1199
520,1808
521,1163
522,68
523,871
524,985
525,849
526,1835
527,1250
528,1204
529,877
530,776
531,1563
532,1334
533,895
534,895
535,1808
536,1644
537,1615
538,1334
539,1114
540,817
541,1601
542,834
543,1798
544,1563
545,1163
546,1867
547,1810
548,1563
549,901
550,871
551,1061
552,1200
553,1835
554,1835
555,1337
556,1601
557,1137
558,1810
559,1810
560,69
561,1867
562,1114
563,834
564,1061
565,1380
566,1563
567,1137
568,70
569,791
570,1644
571,1200
572,1337
573,1337
574,1867
575,1754
576,1137
577,895
578,1810
579,1615
580,1798
581,1163
582,1204
583,1380
584,963
585,1867
586,1810
587,1810
588,1200
589,1358
590,963
591,1137
592,1798
593,1380
594,791
595,1338
596,742
597,1204
598,1754
599,1338
600,963
601,1798
602,71
603,1358
604,1021
605,1358
606,1798
607,1721
608,72
609,1867
610,1810
611,1250
612,1176
613,1137
614,1615
615,1114
616,73
617,1798
618,1721
619,1615
620,963
621,1579
622,1332
623,1967
624,1644
625,1598
626,2001
627,1810
628,1377
629,1788
630,1798
631,1114
632,2001
633,1338
634,1754
635,1332
636,1332
637,1071
638,1060
639,1358
640,1288
641,74
642,1338
643,1176
644,1136
645,1377
646,1332
647,1377
648,1721
649,1967
650,1136
651,1366
652,800
653,800
654,2001
655,1967
656,1377
657,1288
658,1754
659,1413
660,1755
661,1363
662,1060
663,1469
664,1579
665,1136
666,1456
667,1456
668,1755
669,1456
670,1579
671,1240
672,1010
673,1240
674,1755
675,1002
676,75
677,1010
678,1469
679,1010
680,1755
681,973
682,1071
683,1363
684,978
685,978
686,76
687,1721
688,1967
689,1363
690,973
691,1884
692,1010
693,1755
694,1126
695,1441
696,1363
697,1060
698,1413
699,1413
700,1788
701,1240
702,77
703,1366
704,759
705,78
706,1988
707,79
708,1469
709,80
710,1204
711,1021
712,1988
713,1060
714,742
715,1469
716,1469
717,1002
718,81
719,1071
720,1204
721,860
722,1967
723,82
724,1988
725,1755
726,1884
727,816
728,1010
729,1967
730,973
731,83
732,84
733,85
734,799
735,759
736,1118
737,1126
738,86
739,1441
740,1330
741,1240
742,1002
743,1441
744,1413
745,1171
746,1060
747,1711
748,1377
749,1002
750,1205
751,1884
752,1788
753,1416
754,1559
755,860
756,1991
757,975
758,1330
759,1416
760,1205
761,1823
762,1171
763,1291
764,1171
765,860
766,1514
767,975
768,1797
769,1514
770,1836
771,1291
772,1148
773,1028
774,1240
775,1291
776,1416
777,1071
778,1797
779,1205
780,799
781,1514
782,87
783,88
784,1725
785,1769
786,1823
787,1205
788,1183
789,1514
790,1823
791,1514
792,1148
793,1711
794,89
795,1514
796,1291
797,1559
798,1028
799,1156
800,1725
801,90
802,816
803,91
804,1514
805,1572
806,1156
807,925
808,1711
809,1273
810,92
811,914
812,1909
813,1508
814,1769
815,1466
816,1797
817,1711
818,1273
819,1797
820,1725
821,925
822,93
823,1711
824,1346
825,1559
826,1676
827,1572
828,1273
829,1711
830,1346
831,1823
832,1836
833,908
834,1725
835,1273
836,1769
837,1068
838,925
839,1582
840,1100
841,1711
842,1349
843,1508
844,1676
845,1836
846,1559
847,1725
848,1788
849,94
850,1676
851,1572
852,1237
853,925
854,1702
855,1702
856,1118
857,1909
858,933
859,1587
860,933
861,1331
862,1797
863,95
864,908
865,1100
866,1590
867,1725
868,1082
869,1068
870,1572
871,96
872,2004
873,1466
874,1582
875,1068
876,921
877,1237
878,1068
879,921
880,1587
881,1349
882,1702
883,97
884,1466
885,1331
886,1183
887,1582
888,1100
889,953
890,1999
891,908
892,98
893,1466
894,99
895,2004
896,100
897,1725
898,1590
899,1590
900,2004
901,1292
902,1077
903,1292
904,1466
905,1068
906,1068
907,1082
908,1056
909,1292
910,1183
911,890
912,1282
913,1545
914,101
915,890
916,102
917,1077
918,1102
919,1669
920,1511
921,1282
922,1909
923,1845
924,1077
925,1999
926,103
927,104
928,933
929,1545
930,1102
931,1999
932,1545
933,1074
934,105
935,1286
936,1848
937,1848
938,1398
939,106
940,107
941,1237
942,1056
943,1545
944,1433
945,1669
946,1511
947,1056
948,1672
949,1286
950,1402
951,108
952,1265
953,1845
954,1669
955,948
956,1268
957,1268
958,1725
959,976
960,976
961,1433
962,1056
963,1402
964,953
965,1845
966,1671
967,1813
968,1845
969,1398
970,109
971,1074
972,1286
973,110
974,1102
975,1545
976,111
977,1845
978,112
979,1265
980,1804
981,1879
982,1999
983,1398
984,1806
985,1268
986,113
987,1187
988,1185
989,1056
990,1265
991,1999
992,1879
993,1187
994,1398
995,1402
996,948
997,786
998,1866
999,1258
1000,1845
1001,1185
1002,1505
1003,1804
1004,998
1005,1672
1006,1849
1007,1845
1008,1804
1009,1258
1010,786
1011,1806
1012,1247
1013,1894
1014,1575
1015,1804
1016,114
1017,976
1018,1845
1019,1813
1020,1480
1021,1813
1022,1425
1023,1374
1024,1849
1025,1845
1026,115
1027,1239
1028,1849
1029,1480
1030,1845
1031,116
1032,1242
1033,117
1034,1804
1035,1806
1036,998
1037,1813
1038,1414
1039,1146
1040,1505
1041,1845
1042,1669
1043,118
1044,119
1045,1505
1046,120
1047,1374
1048,121
1049,1242
1050,1866
1051,1605
1052,1605
1053,122
1054,1425
1055,1146
1056,948
1057,1247
1058,1894
1059,123
1060,1605
1061,1480
1062,124
1063,1926
1064,125
1065,1649
1066,1649
1067,126
1068,792
1069,1986
1070,1866
1071,1671
1072,1239
1073,886
1074,1863
1075,1919
1076,1414
1077,1919
1078,1863
1079,1849
1080,792
1081,1796
1082,127
1083,802
1084,1986
1085,128
1086,129
1087,130
1088,1217
1089,131
1090,1625
1091,1802
1092,1919
1093,132
1094,1674
1095,133
1096,1505
1097,1247
1098,1926
1099,134
1100,1613
1101,1575
1102,1542
1103,1732
1104,1732
1105,1247
1106,1161
1107,802
1108,135
1109,1123
1110,1919
1111,1217
1112,1679
1113,1649
1114,1863
1115,948
1116,1470
1117,1926
1118,1781
1119,1161
1120,1796
1121,1649
1122,1470
1123,136
1124,1613
1125,137
1126,1796
1127,1542
1128,1926
1129,1566
1130,1239
1131,1781
1132,1625
1133,1953
1134,1926
1135,1679
1136,1229
1137,1674
1138,886
1139,1986
1140,1649
1141,1953
1142,1679
1143,1802
1144,1217
1145,1087
1146,1919
1147,138
1148,1953
1149,1566
1150,1613
1151,1747
1152,1792
1153,139
1154,1229
1155,140
1156,1347
1157,1226
1158,1633
1159,1671
1160,141
1161,1381
1162,1674
1163,1792
1164,1445
1165,1747
1166,142
1167,1566
1168,1566
1169,1229
1170,1505
1171,1747
1172,1455
1173,1217
1174,143
1175,1575
1176,1802
1177,1732
1178,1747
1179,1679
1180,1714
1181,1087
1182,1381
1183,1792
1184,1897
1185,1107
1186,1242
1187,1226
1188,1123
1189,1747
1190,1628
1191,1625
1192,1633
1193,1347
1194,1796
1195,1900
1196,1668
1197,1025
1198,1189
1199,144
1200,1186
1201,1381
1202,1633
1203,1668
1204,145
1205,146
1206,147
1207,1796
1208,864
1209,1695
1210,1455
1211,1186
1212,1217
1213,1226
1214,1792
1215,1445
1216,1625
1217,914
1218,148
1219,149
1220,1189
1221,1226
1222,1792
1223,1630
1224,1792
1225,1455
1226,1025
1227,1207
1228,1668
1229,1455
1230,1897
1231,1025
1232,1900
1233,1695
1234,1107
1235,150
1236,982
1237,1189
1238,1253
1239,1630
1240,151
1241,1478
1242,1630
1243,1621
1244,1025
1245,782
1246,1087
1247,1628
1248,1621
1249,784
1250,1833
1251,152
1252,1630
1253,1078
1254,982
1255,1381
1256,982
1257,857
1258,782
1259,1630
1260,847
1261,803
1262,1630
1263,1630
1264,153
1265,1621
1266,154
1267,804
1268,902
1269,1319
1270,1621
1271,1562
1272,1742
1273,155
1274,1253
1275,1478
1276,889
1277,1628
1278,857
1279,1207
1280,847
1281,1078
1282,1107
1283,757
1284,1472
1285,1562
1286,1207
1287,803
1288,1738
1289,1562
1290,1833
1291,809
1292,902
1293,156
1294,804
1295,1735
1296,784
1297,1735
1298,1562
1299,864
1300,1562
1301,1742
1302,778
1303,1628
1304,1900
1305,1735
1306,809
1307,1078
1308,1592
1309,1742
1310,1472
1311,1135
1312,1872
1313,1135
1314,889
1315,848
1316,1020
1317,1872
1318,778
1319,1742
1320,889
1321,157
1322,784
1323,1063
1324,1592
1325,1833
1326,1066
1327,1735
1328,1735
1329,1020
1330,1154
1331,1164
1332,1066
1333,1020
1334,1592
1335,1149
1336,1738
1337,1359
1338,757
1339,1164
1340,1050
1341,158
1342,1149
1343,1359
1344,1496
1345,1063
1346,889
1347,1651
1348,1087
1349,1066
1350,1359
1351,1472
1352,1319
1353,1359
1354,932
1355,1154
1356,1900
1357,1359
1358,1900
1359,1592
1360,1502
1361,764
1362,1525
1363,1872
1364,764
1365,1651
1366,1175
1367,159
1368,1910
1369,1149
1370,1050
1371,795
1372,1175
1373,1635
1374,160
1375,1991
1376,1635
1377,1714
1378,1175
1379,1651
1380,1263
1381,1359
1382,1573
1383,1127
1384,932
1385,1910
1386,1529
1387,1175
1388,1949
1389,795
1390,1841
1391,1573
1392,1573
1393,1841
1394,1175
1395,1841
1396,1525
1397,1396
1398,1502
1399,848
1400,1949
1401,1774
1402,758
1403,758
1404,1872
1405,1396
1406,1127
1407,1635
1408,1496
1409,1910
1410,1774
1411,1409
1412,1409
1413,1651
1414,1651
1415,1043
1416,1170
1417,1175
1418,1529
1419,1127
1420,161
1421,1841
1422,1910
1423,1166
1424,1396
1425,1173
1426,1473
1427,1635
1428,1525
1429,1502
1430,1170
1431,1573
1432,162
1433,1170
1434,1636
1435,1175
1436,1651
1437,1173
1438,1473
1439,1502
1440,1210
1441,1210
1442,1714
1443,1596
1444,1635
1445,1841
1446,1910
1447,1166
1448,1636
1449,1716
1450,1502
1451,1172
1452,1180
1453,1841
1454,1210
1455,1409
1456,1180
1457,1484
1458,163
1459,164
1460,1409
1461,1263
1462,1596
1463,1841
1464,1473
1465,1473
1466,1529
1467,1043
1468,1716
1469,165
1470,1055
1471,166
1472,167
1473,1484
1474,168
1475,1409
1476,862
1477,1529
1478,1180
1479,1043
1480,790
1481,169
1482,862
1483,1172
1484,1385
1485,1352
1486,1584
1487,1727
1488,1716
1489,1172
1490,1172
1491,1577
1492,1339
1493,1339
1494,1438
1495,1385
1496,1584
1497,170
1498,1577
1499,1220
1500,824
1501,959
1502,171
1503,1693
1504,1917
1505,1629
1506,1172
1507,1662
1508,1584
1509,1044
1510,1385
1511,1385
1512,1385
1513,1438
1514,1917
1515,790
1516,959
1517,1662
1518,959
1519,1693
1520,1629
1521,1300
1522,1055
1523,1044
1524,1584
1525,1584
1526,1944
1527,1662
1528,1940
1529,1944
1530,1522
1531,1438
1532,1522
1533,1438
1534,1940
1535,1626
1536,832
1537,1693
1538,1626
1539,1940
1540,1352
1541,1001
1542,1001
1543,824
1544,1044
1545,1706
1546,1438
1547,1385
1548,1626
1549,1300
1550,1300
1551,832
1552,1917
1553,1300
1554,1917
1555,1352
1556,1008
1557,1932
1558,1008
1559,1220
1560,1706
1561,1654
1562,1062
1563,1055
1564,1932
1565,1932
1566,1976
1567,1706
1568,1880
1569,1039
1570,1932
1571,1932
1572,172
1573,1039
1574,1662
1575,1543
1576,1117
1577,173
1578,1487
1579,1195
1580,1543
1581,1450
1582,1706
1583,174
1584,1001
1585,949
1586,1487
1587,787
1588,1008
1589,1706
1590,1917
1591,1195
1592,1976
1593,1626
1594,1976
1595,1039
1596,1487
1597,1044
1598,1062
1599,1606
1600,1664
1601,1654
1602,1880
1603,787
1604,1662
1605,1626
1606,1522
1607,1139
1608,1139
1609,1609
1610,1487
1611,1944
1612,1595
1613,1062
1614,1928
1615,787
1616,1195
1617,1195
1618,1976
1619,1976
1620,931
1621,823
1622,1139
1623,175
1624,1595
1625,1606
1626,1880
1627,1654
1628,1609
1629,1928
1630,1976
1631,823
1632,1664
1633,1994
1634,931
1635,1976
1636,1609
1637,1880
1638,931
1639,1158
1640,1654
1641,1364
1642,1262
1643,1911
1644,1928
1645,907
1646,1664
1647,1925
1648,1925
1649,1928
1650,176
1651,789
1652,1222
1653,1262
1654,907
1655,1928
1656,1928
1657,177
1658,1222
1659,1925
1660,1928
1661,1925
1662,1911
1663,1925
1664,1595
1665,1262
1666,178
1667,179
1668,1281
1669,1994
1670,958
1671,1764
1672,1609
1673,958
1674,1959
1675,1928
1676,958
1677,180
1678,1158
1679,1647
1680,949
1681,1767
1682,1281
1683,181
1684,1767
1685,1450
1686,182
1687,1117
1688,1764
1689,1450
1690,1726
1691,962
1692,1843
1693,962
1694,1925
1695,1959
1696,1727
1697,1928
1698,183
1699,1158
1700,1281
1701,1727
1702,184
1703,1281
1704,1767
1705,185
1706,789
1707,1767
1708,1606
1709,1726
1710,186
1711,1767
1712,924
1713,1222
1714,1364
1715,1994
1716,1709
1717,1767
1718,924
1719,1794
1720,1959
1721,1658
1722,1083
1723,187
1724,1726
1725,1726
1726,188
1727,1911
1728,1709
1729,1764
1730,1113
1731,1302
1732,1083
1733,189
1734,1647
1735,1647
1736,1726
1737,1843
1738,1829
1739,1994
1740,1794
1741,1753
1742,1794
1743,1682
1744,974
1745,1364
1746,1091
1747,1682
1748,1279
1749,190
1750,1083
1751,1974
1752,1829
1753,191
1754,1046
1755,1794
1756,1753
1757,1794
1758,1113
1759,192
1760,1994
1761,193
1762,1302
1763,974
1764,1091
1765,1145
1766,1828
1767,1858
1768,1658
1769,1053
1770,1053
1771,1198
1772,1046
1773,1145
1774,194
1775,1858
1776,1053
1777,1198
1778,195
1779,1145
1780,1828
1781,1828
1782,1794
1783,1333
1784,1024
1785,1333
1786,1297
1787,1843
1788,1518
1789,1198
1790,1546
1791,1005
1792,769
1793,196
1794,1753
1795,1113
1796,1279
1797,1746
1798,1843
1799,1858
1800,1977
1801,891
1802,1977
1803,1198
1804,1994
1805,1829
1806,1746
1807,1704
1808,197
1809,1113
1810,1279
1811,769
1812,1858
1813,1198
1814,1024
1815,1518
1816,891
1817,1518
1818,198
1819,1829
1820,1746
1821,199
1822,200
1823,1704
1824,201
1825,1690
1826,1486
1827,1704
1828,1104
1829,1104
1830,1130
1831,1974
1832,1297
1833,1130
1834,1297
1835,1197
1836,1546
1837,1690
1838,202
1839,1104
1840,203
1841,1360
1842,1197
1843,1297
1844,1729
1845,1476
1846,1476
1847,1731
1848,1704
1849,204
1850,1243
1851,2005
1852,1130
1853,1731
1854,1297
1855,1486
1856,1104
1857,1729
1858,1704
1859,2005
1860,205
1861,1024
1862,1858
1863,1966
1864,1731
1865,1935
1866,1521
1867,1729
1868,206
1869,207
1870,1360
1871,1731
1872,1935
1873,1966
1874,1966
1875,1130
1876,208
1877,1908
1878,1521
1879,2005
1880,1465
1881,977
1882,1026
1883,1401
1884,1729
1885,209
1886,1476
1887,1476
1888,1360
1889,1122
1890,1908
1891,210
1892,1005
1893,1122
1894,1426
1895,211
1896,1729
1897,1935
1898,1465
1899,212
1900,1913
1901,1465
1902,1521
1903,1935
1904,213
1905,1426
1906,1335
1907,1167
1908,1920
1909,977
1910,2005
1911,1920
1912,1335
1913,1729
1914,1476
1915,1026
1916,1335
1917,1920
1918,1814
1919,1982
1920,1982
1921,1122
1922,1465
1923,870
1924,1098
1925,1920
1926,1920
1927,1530
1928,1920
1929,1335
1930,1335
1931,1243
1932,1167
1933,1530
1934,1982
1935,214
1936,870
1937,928
1938,215
1939,216
1940,1913
1941,1913
1942,217
1943,772
1944,1167
1945,928
1946,1026
1947,218
1948,1530
1949,219
1950,1530
1951,1814
1952,1401
1953,1098
1954,1913
1955,1814
1956,1913
1957,1638
1958,1122
1959,1908
1960,1215
1961,1401
1962,772
1963,1982
1964,1103
1965,1098
1966,1814
1967,1975
1968,220
1969,1537
1970,1814
1971,221
1972,1965
1973,222
1974,1638
1975,1965
1976,1215
1977,1844
1978,1236
1979,1103
1980,223
1981,1844
1982,1384
1983,1975
1984,1147
1985,1844
1986,224
1987,1908
1988,225
1989,1694
1990,836
1991,1169
1992,1384
1993,1147
1994,226
1995,1251
1996,1537
1997,1384
1998,227
1999,228
2000,779
2001,1844
2002,1537
2003,835
2004,835
2005,229
2006,1975
2007,1155
2008,1384
2009,1908
2010,230
2011,779
2012,1336
2013,231
2014,1694
2015,1336
2016,232
2017,1975
2018,1464
2019,1968
2020,1236
2021,1694
2022,1169
2023,1975
2024,1236
2025,1975
2026,233
2027,1155
2028,1464
2029,1975
2030,952
2031,829
2032,1236
2033,952
2034,1446
2035,234
2036,235
2037,236
2038,829
2039,1251
2040,1975
2041,1975
2042,237
2043,238
2044,1869
2045,1869
2046,239
2047,1236
2048,1881
2049,1881
2050,240
2051,241
2052,1251
2053,1236
2054,1557
2055,1236
2056,2010
2057,242
2058,1557
2059,1155
2060,1236
2061,243
2062,1968
2063,1869
2064,1686
2065,850
2066,1361
2067,1881
2068,1869
2069,1277
2070,1612
2071,1594
2072,850
2073,1622
2074,1618
2075,1618
2076,1892
2077,244
2078,2010
2079,2010
2080,2010
2081,1622
2082,1612
2083,1594
2084,1446
2085,1361
2086,1310
2087,245
2088,1394
2089,1857
2090,1686
2091,1588
2092,1622
2093,246
2094,1594
2095,1612
2096,1892
2097,1892
2098,247
2099,1594
2100,1594
2101,1857
2102,1622
2103,912
2104,1357
2105,912
2106,1361
2107,1277
2108,867
2109,1230
2110,248
2111,984
2112,1622
2113,1448
2114,1394
2115,1394
2116,1612
2117,1622
2118,1357
2119,249
2120,767
2121,1310
2122,1099
2123,1448
2124,836
2125,867
2126,896
2127,1310
2128,1361
2129,250
2130,1446
2131,1099
2132,1394
2133,1357
2134,1588
2135,1924
2136,896
2137,984
2138,251
2139,252
2140,1357
2141,253
2142,254
2143,255
2144,788
2145,1325
2146,1230
2147,1750
2148,1924
2149,1877
2150,1099
2151,256
2152,257
2153,767
2154,1326
2155,1042
2156,1069
2157,1069
2158,1326
2159,1750
2160,258
2161,259
2162,260
2163,261
2164,262
2165,263
2166,1873
2167,1588
2168,971
2169,1551
2170,1873
2171,264
2172,1042
2173,1877
2174,971
2175,265
2176,266
2177,267
2178,1325
2179,1588
2180,946
2181,788
2182,788
2183,1540
2184,836
2185,268
2186,946
2187,269
2188,1873
2189,270
2190,946
2191,946
2192,1551
2193,271
2194,1873
2195,1696
2196,1873
2197,946
2198,1696
2199,272
2200,1120
2201,273
2202,1761
2203,1326
2204,274
2205,1293
2206,1120
2207,1696
2208,1540
2209,946
2210,838
2211,1540
2212,1540
2213,275
2214,1551
2215,276
2216,277
2217,1857
2218,278
2219,1551
2220,279
2221,1209
2222,838
2223,1568
2224,1586
2225,1586
2226,1512
2227,280
2228,1423
2229,1512
2230,1862
2231,1586
2232,1624
2233,281
2234,1423
2235,1326
2236,1761
2237,1326
2238,1326
2239,282
2240,283
2241,1586
2242,1761
2243,1930
2244,1930
2245,1551
2246,284
2247,285
2248,286
2249,287
2250,288
2251,289
2252,290
2253,291
2254,1345
2255,1512
2256,1293
2257,292
2258,293
2259,1937
2260,294
2261,1937
2262,1937
2263,1862
2264,295
2265,1016
2266,1475
2267,926
2268,1740
2269,1475
2270,1345
2271,296
2272,1016
2273,1862
2274,297
2275,298
2276,1930
2277,1770
2278,299
2279,300
2280,301
2281,1936
2282,302
2283,303
2284,304
2285,305
2286,1267
2287,1512
2288,1770
2289,306
2290,1004
2291,307
2292,1267
2293,1293
2294,1770
2295,1937
2296,1740
2297,308
2298,1930
2299,1930
2300,309
2301,1661
2302,1643
2303,310
2304,1857
2305,1289
2306,1930
2307,1624
2308,1550
2309,1961
2310,1862
2311,1485
2312,311
2313,926
2314,1937
2315,1550
2316,893
2317,312
2318,1930
2319,1740
2320,893
2321,1936
2322,1661
2323,893
2324,1661
2325,313
2326,314
2327,1238
2328,1643
2329,1485
2330,1004
2331,1289
2332,315
2333,1961
2334,316
2335,1770
2336,1969
2337,1936
2338,1238
2339,1770
2340,1238
2341,1740
2342,317
2343,1961
2344,1661
2345,1568
2346,775
2347,318
2348,1773
2349,1661
2350,1969
2351,1238
2352,1770
2353,1963
2354,1289
2355,1707
2356,1550
2357,1643
2358,930
2359,1963
2360,319
2361,320
2362,1707
2363,1775
2364,1643
2365,1673
2366,993
2367,1661
2368,321
2369,1969
2370,1770
2371,322
2372,1857
2373,1961
2374,1934
2375,993
2376,1520
2377,323
2378,1707
2379,1740
2380,1420
2381,1673
2382,1842
2383,324
2384,325
2385,1961
2386,326
2387,1740
2388,1934
2389,1954
2390,1773
2391,1574
2392,1420
2393,1749
2394,1574
2395,327
2396,1673
2397,986
2398,1963
2399,328
2400,1961
2401,329
2402,1963
2403,330
2404,331
2405,881
2406,1550
2407,1550
2408,1088
2409,332
2410,1568
2411,1550
2412,1954
2413,762
2414,1963
2415,881
2416,1954
2417,775
2418,1749
2419,936
2420,930
2421,986
2422,333
2423,1895
2424,1463
2425,1698
2426,1963
2427,334
2428,1963
2429,1574
2430,1954
2431,1254
2432,1707
2433,1036
2434,1707
2435,1463
2436,335
2437,1383
2438,1728
2439,1631
2440,1728
2441,1631
2442,1707
2443,1574
2444,875
2445,1439
2446,1430
2447,762
2448,1520
2449,1383
2450,1064
2451,1383
2452,1036
2453,1383
2454,1773
2455,1740
2456,1842
2457,1787
2458,1895
2459,1963
2460,1720
2461,1938
2462,1209
2463,336
2464,1787
2465,1895
2466,2000
2467,1902
2468,1574
2469,1064
2470,1109
2471,1088
2472,875
2473,337
2474,1520
2475,338
2476,339
2477,1064
2478,1775
2479,1088
2480,1064
2481,340
2482,1751
2483,1773
2484,1773
2485,1820
2486,341
2487,1751
2488,1773
2489,1393
2490,1254
2491,1254
2492,1941
2493,1383
2494,1941
2495,1728
2496,1984
2497,1720
2498,1631
2499,936
2500,1631
2501,1499
2502,1589
2503,1698
2504,1698
2505,936
2506,1857
2507,1058
2508,1902
2509,1667
2510,342
2511,841
2512,1820
2513,1072
2514,343
2515,1938
2516,1589
2517,1941
2518,1787
2519,344
2520,1642
2521,345
2522,1652
2523,1667
2524,1031
2525,1963
2526,1667
2527,346
2528,1751
2529,1477
2530,1477
2531,1072
2532,1129
2533,1820
2534,2000
2535,2000
2536,2000
2537,347
2538,1368
2539,1642
2540,2000
2541,1439
2542,1984
2543,348
2544,1698
2545,1744
2546,349
2547,1820
2548,1058
2549,350
2550,1698
2551,1058
2552,1329
2553,1642
2554,351
2555,1589
2556,1589
2557,1395
2558,923
2559,1519
2560,1941
2561,1329
2562,352
2563,1820
2564,1820
2565,1329
2566,1589
2567,923
2568,1941
2569,1393
2570,1031
2571,1329
2572,1938
2573,1430
2574,1728
2575,1477
2576,1348
2577,1775
2578,353
2579,1652
2580,1499
2581,1499
2582,1751
2583,1395
2584,1214
2585,1368
2586,967
2587,1031
2588,1820
2589,354
2590,1519
2591,810
2592,1519
2593,1439
2594,355
2595,1430
2596,1151
2597,1033
2598,923
2599,1109
2600,356
2601,1600
2602,818
2603,818
2604,1589
2605,841
2606,357
2607,358
2608,1132
2609,810
2610,359
2611,1652
2612,805
2613,1589
2614,1430
2615,950
2616,967
2617,360
2618,1519
2619,762
2620,361
2621,1214
2622,904
2623,950
2624,1600
2625,1129
2626,362
2627,1494
2628,363
2629,1751
2630,1132
2631,1395
2632,1589
2633,1031
2634,1033
2635,818
2636,1637
2637,1519
2638,364
2639,1539
2640,1987
2641,1637
2642,1494
2643,1109
2644,904
2645,1536
2646,1539
2647,1007
2648,1007
2649,365
2650,744
2651,1846
2652,1283
2653,961
2654,961
2655,1744
2656,1132
2657,754
2658,1744
2659,2000
2660,1793
2661,1007
2662,1787
2663,366
2664,1067
2665,1142
2666,1214
2667,869
2668,1451
2669,1494
2670,1600
2671,367
2672,1852
2673,1451
2674,1641
2675,368
2676,1787
2677,968
2678,1793
2679,961
2680,1395
2681,1393
2682,904
2683,1952
2684,1283
2685,369
2686,966
2687,1888
2688,1494
2689,964
2690,966
2691,1536
2692,1712
2693,370
2694,1713
2695,1952
2696,968
2697,1787
2698,1859
2699,2009
2700,1859
2701,1490
2702,1713
2703,964
2704,805
2705,1846
2706,1348
2707,1311
2708,1987
2709,869
2710,1713
2711,1793
2712,2009
2713,1793
2714,1151
2715,1311
2716,1348
2717,1151
2718,815
2719,1712
2720,1637
2721,1144
2722,1952
2723,1533
2724,1490
2725,371
2726,1283
2727,2011
2728,1637
2729,1876
2730,1952
2731,1876
2732,748
2733,1888
2734,1947
2735,1888
2736,1585
2737,1641
2738,2009
2739,1641
2740,754
2741,744
2742,1311
2743,372
2744,1585
2745,911
2746,873
2747,1451
2748,1851
2749,1144
2750,1793
2751,2009
2752,1712
2753,1888
2754,1779
2755,1549
2756,1713
2757,748
2758,911
2759,1067
2760,1533
2761,1713
2762,1012
2763,373
2764,1037
2765,1947
2766,815
2767,1744
2768,2011
2769,1989
2770,374
2771,375
2772,376
2773,1491
2774,935
2775,1533
2776,1395
2777,1987
2778,1617
2779,1705
2780,1233
2781,1549
2782,1340
2783,1142
2784,1617
2785,1989
2786,1340
2787,1491
2788,1006
2789,377
2790,378
2791,1989
2792,1144
2793,1712
2794,1233
2795,1987
2796,763
2797,1947
2798,1779
2799,1780
2800,379
2801,1191
2802,1191
2803,380
2804,1713
2805,1012
2806,1851
2807,1851
2808,1144
2809,1285
2810,1285
2811,2009
2812,1221
2813,381
2814,1006
2815,763
2816,1500
2817,2011
2818,1523
2819,825
2820,1712
2821,1782
2822,1987
2823,766
2824,2011
2825,1779
2826,382
2827,1627
2828,1037
2829,1500
2830,1295
2831,1037
2832,1627
2833,1779
2834,383
2835,1782
2836,384
2837,922
2838,1945
2839,1705
2840,1585
2841,1549
2842,922
2843,1712
2844,1491
2845,825
2846,1812
2847,1323
2848,1168
2849,873
2850,1620
2851,1780
2852,385
2853,935
2854,929
2855,1523
2856,1500
2857,873
2858,937
2859,1617
2860,1003
2861,1528
2862,1528
2863,1851
2864,770
2865,990
2866,1285
2867,1617
2868,1812
2869,1295
2870,1483
2871,1356
2872,1142
2873,1168
2874,1748
2875,1684
2876,1684
2877,1168
2878,1524
2879,766
2880,937
2881,1295
2882,1617
2883,1323
2884,1768
2885,1748
2886,942
2887,942
2888,1931
2889,1090
2890,1323
2891,1356
2892,1003
2893,1620
2894,1196
2895,1931
2896,1931
2897,1295
2898,1410
2899,937
2900,1851
2901,1819
2902,1819
2903,1304
2904,990
2905,770
2906,2007
2907,1780
2908,1576
2909,1945
2910,1945
2911,386
2912,387
2913,1945
2914,1221
2915,1748
2916,866
2917,1462
2918,929
2919,1528
2920,1304
2921,1528
2922,1168
2923,388
2924,1323
2925,389
2926,1304
2927,1898
2928,1898
2929,942
2930,1734
2931,1705
2932,1620
2933,390
2934,1617
2935,1094
2936,1524
2937,1812
2938,1812
2939,1168
2940,1734
2941,391
2942,1734
2943,990
2944,1812
2945,1483
2946,2007
2947,2007
2948,1094
2949,1768
2950,1617
2951,392
2952,393
2953,1523
2954,1410
2955,1304
2956,1350
2957,1280
2958,1483
2959,1523
2960,934
2961,1221
2962,1684
2963,1684
2964,1196
2965,1861
2966,1898
2967,1681
2968,1681
2969,1057
2970,1057
2971,394
2972,395
2973,1168
2974,1734
2975,1432
2976,1168
2977,396
2978,866
2979,1410
2980,934
2981,885
2982,1931
2983,1094
2984,397
2985,1861
2986,1861
2987,1870
2988,1619
2989,1931
2990,1432
2991,1619
2992,1376
2993,1350
2994,1376
2995,1023
2996,1870
2997,1560
2998,1410
2999,1768
3000,1684
3001,1684
3002,1809
3003,1681
3004,1280
3005,1617
3006,1370
3007,1432
3008,1201
3009,1768
3010,1315
3011,1370
3012,1876
3013,815
3014,1809
3015,1811
3016,1201
3017,1023
3018,1462
3019,2007
3020,398
3021,1870
3022,1454
3023,399
3024,1048
3025,1138
3026,1023
3027,1201
3028,1376
3029,1914
3030,1914
3031,1318
3032,844
3033,844
3034,1436
3035,1436
3036,1436
3037,1436
3038,1280
3039,1041
3040,400
3041,1552
3042,1041
3043,1870
3044,1914
3045,1809
3046,1811
3047,1736
3048,401
3049,1736
3050,1316
3051,1565
3052,402
3053,1914
3054,1899
3055,1201
3056,1432
3057,1565
3058,1809
3059,403
3060,404
3061,1315
3062,1811
3063,1811
3064,1646
3065,1458
3066,1462
3067,1041
3068,1868
3069,405
3070,1896
3071,1896
3072,406
3073,407
3074,1560
3075,1458
3076,1811
3077,408
3078,1795
3079,1048
3080,1201
3081,1868
3082,409
3083,1138
3084,1736
3085,1646
3086,410
3087,1868
3088,1365
3089,1565
3090,1454
3091,411
3092,1868
3093,412
3094,413
3095,1552
3096,1896
3097,414
3098,415
3099,416
3100,1192
3101,1316
3102,417
3103,820
3104,1454
3105,1318
3106,991
3107,1795
3108,1795
3109,418
3110,1616
3111,1783
3112,419
3113,1736
3114,420
3115,421
3116,1946
3117,1946
3118,1034
3119,1365
3120,861
3121,1216
3122,422
3123,1946
3124,991
3125,1868
3126,1699
3127,423
3128,1501
3129,1264
3130,749
3131,1990
3132,1783
3133,1131
3134,1447
3135,1264
3136,424
3137,1907
3138,1850
3139,1038
3140,1365
3141,1824
3142,425
3143,1946
3144,426
3145,427
3146,1501
3147,861
3148,1447
3149,1699
3150,1216
3151,1972
3152,1850
3153,428
3154,780
3155,780
3156,1343
3157,1090
3158,1783
3159,1783
3160,1972
3161,1824
3162,991
3163,1824
3164,991
3165,1850
3166,820
3167,885
3168,429
3169,1699
3170,1038
3171,749
3172,1907
3173,430
3174,1034
3175,1038
3176,1990
3177,1193
3178,431
3179,1193
3180,1038
3181,432
3182,1899
3183,938
3184,433
3185,1128
3186,1997
3187,434
3188,1850
3189,752
3190,1962
3191,1181
3192,1092
3193,435
3194,1597
3195,436
3196,1343
3197,1824
3198,437
3199,1597
3200,438
3201,439
3202,1378
3203,1616
3204,1029
3205,1783
3206,1131
3207,1824
3208,1264
3209,1850
3210,1576
3211,938
3212,440
3213,1181
3214,1616
3215,441
3216,1193
3217,1272
3218,1192
3219,1245
3220,442
3221,443
3222,1192
3223,943
3224,1597
3225,1245
3226,1245
3227,1313
3228,1899
3229,1272
3230,752
3231,1245
3232,1045
3233,1962
3234,1997
3235,1997
3236,444
3237,1193
3238,1128
3239,1128
3240,1029
3241,1378
3242,1257
3243,943
3244,1608
3245,1193
3246,445
3247,446
3248,1597
3249,1962
3250,447
3251,448
3252,1561
3253,449
3254,1997
3255,1756
3256,1887
3257,1608
3258,1887
3259,1756
3260,1608
3261,1756
3262,1887
3263,1997
3264,1887
3265,1313
3266,1824
3267,1029
3268,1824
3269,1597
3270,450
3271,1257
3272,1837
3273,1561
3274,1837
3275,1270
3276,451
3277,1756
3278,1561
3279,1634
3280,452
3281,1837
3282,1270
3283,1979
3284,1887
3285,1887
3286,1561
3287,1824
3288,1887
3289,1756
3290,1578
3291,1106
3292,1106
3293,1887
3294,1261
3295,1962
3296,1962
3297,1803
3298,1270
3299,980
3300,1887
3301,1378
3302,980
3303,1634
3304,1616
3305,1270
3306,1257
3307,1608
3308,453
3309,1192
3310,1616
3311,1165
3312,903
3313,903
3314,1391
3315,1391
3316,1634
3317,1578
3318,1899
3319,1979
3320,1979
3321,1488
3322,1375
3323,1106
3324,454
3325,1133
3326,1608
3327,1803
3328,1962
3329,1608
3330,1979
3331,1474
3332,1382
3333,455
3334,1261
3335,1375
3336,1375
3337,456
3338,1437
3339,1905
3340,1905
3341,1261
3342,1578
3343,1905
3344,1878
3345,1634
3346,1382
3347,1971
3348,1249
3349,457
3350,1623
3351,1249
3352,822
3353,1252
3354,1106
3355,1106
3356,1106
3357,2006
3358,1474
3359,1803
3360,1382
3361,2006
3362,458
3363,1905
3364,2006
3365,1979
3366,459
3367,1996
3368,1092
3369,1400
3370,1249
3371,460
3372,1252
3373,1133
3374,1437
3375,461
3376,1971
3377,822
3378,1108
3379,1474
3380,1252
3381,1996
3382,1878
3383,1108
3384,1252
3385,1933
3386,1461
3387,840
3388,1878
3389,462
3390,1665
3391,1996
3392,1165
3393,995
3394,1312
3395,995
3396,1391
3397,1097
3398,1097
3399,1097
3400,798
3401,1933
3402,798
3403,1933
3404,1261
3405,463
3406,1431
3407,1474
3408,1261
3409,2006
3410,1971
3411,2006
3412,464
3413,1878
3414,1375
3415,1461
3416,840
3417,1404
3418,1461
3419,465
3420,1284
3421,1461
3422,466
3423,1449
3424,1547
3425,1284
3426,1249
3427,1373
3428,878
3429,467
3430,1119
3431,1119
3432,855
3433,1108
3434,1160
3435,1506
3436,878
3437,468
3438,1312
3439,1431
3440,1547
3441,988
3442,1404
3443,1535
3444,880
3445,1665
3446,1165
3447,1461
3448,469
3449,1760
3450,1760
3451,1760
3452,1772
3453,1548
3454,988
3455,1375
3456,1160
3457,955
3458,955
3459,1933
3460,1971
3461,874
3462,1022
3463,1535
3464,470
3465,1461
3466,1548
3467,855
3468,1772
3469,1933
3470,1827
3471,988
3472,1373
3473,1125
3474,1535
3475,1461
3476,1591
3477,1547
3478,2006
3479,1933
3480,856
3481,856
3482,1157
3483,1760
3484,471
3485,1219
3486,1404
3487,1461
3488,472
3489,854
3490,854
3491,854
3492,1772
3493,1391
3494,1772
3495,1307
3496,1547
3497,473
3498,1097
3499,965
3500,1461
3501,474
3502,1818
3503,1157
3504,1827
3505,1818
3506,760
3507,1547
3508,988
3509,1547
3510,1219
3511,1449
3512,1022
3513,880
3514,1165
3515,1717
3516,1717
3517,1933
3518,1640
3519,1971
3520,1640
3521,927
3522,1219
3523,927
3524,874
3525,1971
3526,1362
3527,1653
3528,1591
3529,1125
3530,1449
3531,1362
3532,965
3533,1449
3534,1772
3535,1591
3536,1097
3537,1854
3538,807
3539,1125
3540,1818
3541,1362
3542,1362
3543,1933
3544,1506
3545,988
3546,856
3547,1717
3548,1404
3549,1653
3550,1717
3551,1717
3552,1506
3553,475
3554,965
3555,1125
3556,1653
3557,476
3558,1929
3559,1070
3560,1929
3561,760
3562,1070
3563,477
3564,1923
3565,807
3566,1489
3567,996
3568,1510
3569,478
3570,479
3571,1717
3572,480
3573,1717
3574,997
3575,1950
3576,1405
3577,996
3578,1923
3579,1771
3580,1929
3581,481
3582,2006
3583,1771
3584,1548
3585,1405
3586,1950
3587,865
3588,996
3589,1362
3590,1719
3591,1489
3592,482
3593,1653
3594,483
3595,1314
3596,1548
3597,1314
3598,1799
3599,1497
3600,484
3601,1547
3602,1923
3603,1771
3604,1497
3605,1957
3606,1854
3607,1457
3608,1648
3609,1648
3610,485
3611,1854
3612,996
3613,1405
3614,1489
3615,1507
3616,1929
3617,899
3618,1950
3619,1799
3620,1488
3621,1489
3622,486
3623,1307
3624,1923
3625,1957
3626,487
3627,899
3628,1408
3629,1459
3630,997
3631,1218
3632,1923
3633,1771
3634,488
3635,489
3636,996
3637,490
3638,1929
3639,1019
3640,1719
3641,1248
3642,1978
3643,1854
3644,1929
3645,865
3646,1978
3647,996
3648,1084
3649,794
3650,1957
3651,1854
3652,1948
3653,1978
3654,1719
3655,491
3656,492
3657,1035
3658,1950
3659,1459
3660,1405
3661,1719
3662,1950
3663,1225
3664,493
3665,1978
3666,1019
3667,1771
3668,1948
3669,1765
3670,1799
3671,1218
3672,1459
3673,1950
3674,794
3675,1875
3676,1035
3677,1153
3678,1405
3679,1153
3680,997
3681,1950
3682,1497
3683,1218
3684,1854
3685,1547
3686,1558
3687,494
3688,1765
3689,1459
3690,1771
3691,1248
3692,1875
3693,1035
3694,1408
3695,1408
3696,1765
3697,1369
3698,1719
3699,1084
3700,957
3701,1639
3702,1299
3703,1459
3704,495
3705,1799
3706,1765
3707,1639
3708,1722
3709,1497
3710,940
3711,1771
3712,1558
3713,496
3714,994
3715,1799
3716,796
3717,940
3718,1152
3719,497
3720,1459
3721,1507
3722,1407
3723,1571
3724,1821
3725,1950
3726,1084
3727,1153
3728,1153
3729,1799
3730,1639
3731,1639
3732,1457
3733,796
3734,1547
3735,1299
3736,1558
3737,498
3738,1369
3739,1407
3740,1400
3741,499
3742,1821
3743,1623
3744,1834
3745,1765
3746,500
3747,1407
3748,1571
3749,1558
3750,957
3751,1571
3752,1457
3753,501
3754,1299
3755,1299
3756,1821
3757,1075
3758,502
3759,1225
3760,906
3761,1822
3762,1507
3763,1993
3764,1993
3765,1821
3766,1821
3767,1558
3768,1467
3769,1467
3770,1558
3771,1834
3772,1407
3773,1852
3774,503
3775,1225
3776,504
3777,905
3778,1558
3779,1558
3780,1403
3781,505
3782,1344
3783,1299
3784,506
3785,1875
3786,994
3787,1344
3788,994
3789,906
3790,994
3791,1777
3792,1777
3793,1777
3794,1101
3795,1901
3796,1799
3797,1834
3798,507
3799,508
3800,1765
3801,509
3802,1901
3803,898
3804,510
3805,1822
3806,1400
3807,1488
3808,1981
3809,1231
3810,1407
3811,1722
3812,1206
3813,1981
3814,905
3815,909
3816,511
3817,1718
3818,1831
3819,512
3820,1831
3821,1901
3822,1822
3823,1179
3824,1101
3825,1248
3826,994
3827,1403
3828,898
3829,513
3830,1916
3831,1834
3832,909
3833,1834
3834,1206
3835,1831
3836,1206
3837,1079
3838,909
3839,1179
3840,1831
3841,898
3842,514
3843,1822
3844,515
3845,516
3846,1901
3847,517
3848,1916
3849,1371
3850,1916
3851,518
3852,1916
3853,1604
3854,519
3855,520
3856,1407
3857,521
3858,522
3859,1745
3860,523
3861,1722
3862,1981
3863,524
3864,1417
3865,1014
3866,1248
3867,1718
3868,1510
3869,1152
3870,525
3871,526
3872,1387
3873,527
3874,1417
3875,1604
3876,1179
3877,528
3878,1789
3879,831
3880,1981
3881,1604
3882,1079
3883,1399
3884,1014
3885,1604
3886,529
3887,1847
3888,919
3889,1387
3890,781
3891,1417
3892,530
3893,531
3894,1453
3895,1722
3896,1745
3897,1604
3898,1152
3899,1904
3900,1981
3901,1152
3902,859
3903,859
3904,1718
3905,532
3906,1309
3907,1309
3908,1453
3909,1453
3910,1453
3911,533
3912,534
3913,781
3914,535
3915,919
3916,1847
3917,1371
3918,1231
3919,1488
3920,1834
3921,1604
3922,1852
3923,1981
3924,536
3925,1745
3926,537
3927,1152
3928,538
3929,919
3930,1939
3931,1939
3932,1970
3933,1970
3934,1970
3935,539
3936,540
3937,541
3938,1973
3939,1973
3940,542
3941,1492
3942,1492
3943,543
3944,544
3945,1981
3946,1581
3947,545
3948,546
3949,969
3950,831
3951,989
3952,547
3953,548
3954,1970
3955,549
3956,550
3957,551
3958,1980
3959,552
3960,1973
3961,1973
3962,1973
3963,553
3964,1889
3965,1415
3966,554
3967,555
3968,989
3969,1718
3970,1399
3971,1371
3972,1691
3973,1371
3974,556
3975,1371
3976,1392
3977,1785
3978,557
3979,558
3980,1980
3981,559
3982,560
3983,561
3984,1276
3985,1889
3986,1415
3987,562
3988,563
3989,564
3990,969
3991,565
3992,1231
3993,1745
3994,566
3995,1231
3996,1086
3997,567
3998,1203
3999,568
4000,1411
4001,569
4002,570
4003,571
4004,572
4005,573
4006,1276
4007,1354
4008,574
4009,575
4010,576
4011,577
4012,1817
4013,1785
4014,1411
4015,1904
4016,1488
4017,1904
4018,1389
4019,578
4020,579
4021,580
4022,1392
4023,1817
4024,1211
4025,1211
4026,1964
4027,1964
4028,1152
4029,581
4030,582
4031,1411
4032,743
4033,743
4034,1203
4035,583
4036,584
4037,1354
4038,585
4039,1921
4040,1921
4041,586
4042,1581
4043,1581
4044,1581
4045,1789
4046,1834
4047,587
4048,1076
4049,588
4050,746
4051,1211
4052,589
4053,1964
4054,590
4055,591
4056,592
4057,593
4058,594
4059,1341
4060,1341
4061,595
4062,596
4063,597
4064,1231
4065,1079
4066,1569
4067,1745
4068,1531
4069,1789
4070,1708
4071,1745
4072,1745
4073,1075
4074,1789
4075,1517
4076,1400
4077,1182
4078,1964
4079,1964
4080,598
4081,1178
4082,1178
4083,765
4084,1517
4085,746
4086,1076
4087,1504
4088,1341
4089,599
4090,600
4091,1657
4092,1657
4093,814
4094,1691
4095,1691
4096,1287
4097,1581
4098,1371
4099,1389
4100,601
4101,602
4102,1893
4103,876
4104,1182
4105,603
4106,1865
4107,1865
4108,604
4109,605
4110,1906
4111,765
4112,606
4113,1504
4114,607
4115,608
4116,609
4117,1724
4118,1724
4119,1488
4120,1488
4121,1471
4122,1981
4123,1708
4124,610
4125,611
4126,876
4127,1086
4128,612
4129,1893
4130,613
4131,614
4132,1865
4133,615
4134,616
4135,1906
4136,960
4137,960
4138,617
4139,618
4140,619
4141,620
4142,1085
4143,887
4144,1287
4145,1287
4146,814
4147,972
4148,1569
4149,1231
4150,1691
4151,1691
4152,992
4153,1085
4154,887
4155,621
4156,622
4157,623
4158,624
4159,625
4160,1906
4161,1906
4162,1442
4163,1442
4164,852
4165,852
4166,626
4167,627
4168,1389
4169,628
4170,1231
4171,1816
4172,1085
4173,629
4174,941
4175,630
4176,1906
4177,1110
4178,785
4179,631
4180,632
4181,633
4182,785
4183,634
4184,1471
4185,1065
4186,1981
4187,635
4188,1670
4189,1670
4190,1256
4191,1389
4192,1418
4193,1955
4194,636
4195,941
4196,637
4197,2008
4198,1871
4199,1645
4200,1645
4201,1065
4202,638
4203,1150
4204,1150
4205,972
4206,1418
4207,639
4208,1981
4209,1745
4210,640
4211,1789
4212,1645
4213,1110
4214,1871
4215,641
4216,642
4217,2008
4218,1670
4219,1531
4220,1531
4221,1471
4222,1328
4223,1733
4224,1871
4225,1733
4226,1256
4227,643
4228,644
4229,1733
4230,1488
4231,645
4232,646
4233,1150
4234,647
4235,1150
4236,1150
4237,1424
4238,1418
4239,648
4240,1730
4241,1424
4242,649
4243,650
4244,1256
4245,2008
4246,1670
4247,1045
4248,1435
4249,1531
4250,1981
4251,808
4252,910
4253,1328
4254,1614
4255,808
4256,1730
4257,1424
4258,1303
4259,1303
4260,1733
4261,1733
4262,1733
4263,1983
4264,1983
4265,1017
4266,1730
4267,1730
4268,651
4269,2008
4270,1244
4271,2008
4272,1294
4273,1471
4274,1397
4275,1697
4276,1328
4277,1922
4278,2008
4279,1697
4280,812
4281,1397
4282,1737
4283,1294
4284,652
4285,1296
4286,1697
4287,1397
4288,1471
4289,1737
4290,1890
4291,1435
4292,1296
4293,1737
4294,1903
4295,1737
4296,1614
4297,1733
4298,1983
4299,1903
4300,1983
4301,812
4302,1623
4303,653
4304,992
4305,1427
4306,1697
4307,1614
4308,1737
4309,1017
4310,812
4311,654
4312,1903
4313,1244
4314,1890
4315,1983
4316,655
4317,656
4318,830
4319,1983
4320,657
4321,1737
4322,1614
4323,658
4324,1903
4325,1244
4326,882
4327,830
4328,918
4329,1509
4330,659
4331,1045
4332,1434
4333,1327
4334,1244
4335,1922
4336,1983
4337,1903
4338,660
4339,1244
4340,1922
4341,661
4342,1427
4343,1903
4344,1983
4345,1190
4346,918
4347,1593
4348,1816
4349,662
4350,882
4351,1274
4352,1509
4353,1903
4354,1860
4355,1327
4356,663
4357,664
4358,1683
4359,1683
4360,665
4361,1227
4362,666
4363,1434
4364,1918
4365,992
4366,1762
4367,1434
4368,1190
4369,910
4370,1860
4371,1762
4372,1762
4373,1434
4374,1918
4375,1683
4376,1509
4377,1227
4378,1428
4379,1762
4380,1089
4381,1427
4382,992
4383,939
4384,667
4385,894
4386,1860
4387,1274
4388,1683
4389,1232
4390,1274
4391,1762
4392,668
4393,939
4394,1190
4395,669
4396,1232
4397,894
4398,1816
4399,1232
4400,1678
4401,1428
4402,1427
4403,1190
4404,1274
4405,1274
4406,1757
4407,1434
4408,1874
4409,1891
4410,1757
4411,1757
4412,1891
4413,1703
4414,1891
4415,1274
4416,1683
4417,1678
4418,1791
4419,1059
4420,1274
4421,863
4422,1593
4423,1955
4424,1434
4425,1891
4426,1891
4427,1832
4428,1059
4429,1105
4430,1757
4431,1567
4432,670
4433,1274
4434,1757
4435,863
4436,863
4437,1683
4438,1757
4439,1891
4440,1683
4441,1891
4442,826
4443,1791
4444,1479
4445,1567
4446,1791
4447,1832
4448,1791
4449,1105
4450,1683
4451,1567
4452,1703
4453,1553
4454,1791
4455,1623
4456,1105
4457,1757
4458,979
4459,1553
4460,1089
4461,1275
4462,979
4463,1703
4464,951
4465,671
4466,1479
4467,1791
4468,1275
4469,1479
4470,1275
4471,951
4472,1479
4473,1275
4474,801
4475,1678
4476,1479
4477,1228
4478,1855
4479,897
4480,1593
4481,801
4482,1479
4483,1685
4484,979
4485,1093
4486,1800
4487,771
4488,1202
4489,1278
4490,1355
4491,1030
4492,1228
4493,1685
4494,1059
4495,1228
4496,1111
4497,1800
4498,1406
4499,1791
4500,771
4501,1800
4502,1030
4503,672
4504,826
4505,1140
4506,1553
4507,897
4508,1111
4509,1460
4510,1678
4511,673
4512,1553
4513,1202
4514,1703
4515,1278
4516,1202
4517,1553
4518,1516
4519,1460
4520,1918
4521,1406
4522,1355
4523,1140
4524,1678
4525,674
4526,1516
4527,1516
4528,1516
4529,1202
4530,675
4531,1516
4532,1011
4533,826
4534,1763
4535,1703
4536,1011
4537,676
4538,1886
4539,1516
4540,1759
4541,915
4542,915
4543,1278
4544,677
4545,1739
4546,1886
4547,1886
4548,1763
4549,1663
4550,678
4551,845
4552,1324
4553,845
4554,1886
4555,1663
4556,679
4557,1290
4558,1564
4559,1687
4560,1663
4561,1766
4562,1663
4563,1886
4564,680
4565,681
4566,1324
4567,1763
4568,773
4569,1839
4570,1663
4571,1918
4572,1429
4573,1759
4574,1290
4575,1556
4576,1429
4577,1564
4578,1018
4579,682
4580,683
4581,684
4582,1177
4583,1766
4584,846
4585,1018
4586,685
4587,1429
4588,1556
4589,846
4590,686
4591,687
4592,688
4593,1429
4594,1555
4595,1743
4596,1306
4597,797
4598,689
4599,773
4600,1766
4601,883
4602,1306
4603,1956
4604,797
4605,1429
4606,690
4607,1306
4608,691
4609,1422
4610,1372
4611,692
4612,1739
4613,1541
4614,1759
4615,1422
4616,693
4617,1956
4618,1766
4619,1177
4620,1124
4621,1372
4622,1741
4623,694
4624,1741
4625,1743
4626,1839
4627,883
4628,1660
4629,1372
4630,1956
4631,1741
4632,1956
4633,1660
4634,1422
4635,695
4636,1632
4637,1422
4638,696
4639,811
4640,697
4641,1741
4642,1555
4643,811
4644,1839
4645,1632
4646,1741
4647,1956
4648,1406
4649,1124
4650,698
4651,1786
4652,1555
4653,1632
4654,981
4655,981
4656,1555
4657,1555
4658,699
4659,1786
4660,1660
4661,1188
4662,1444
4663,1541
4664,1541
4665,700
4666,701
4667,1269
4668,1444
4669,1073
4670,1660
4671,1632
4672,1786
4673,1269
4674,1188
4675,1320
4676,702
4677,1839
4678,1632
4679,1839
4680,1839
4681,703
4682,1081
4683,1874
4684,1320
4685,1660
4686,1269
4687,1081
4688,1801
4689,704
4690,1839
4691,837
4692,1656
4693,1073
4694,1081
4695,1786
4696,1656
4697,705
4698,706
4699,1320
4700,837
4701,1320
4702,1660
4703,1503
4704,1801
4705,707
4706,708
4707,1656
4708,1656
4709,1353
4710,1353
4711,1095
4712,1801
4713,1801
4714,1073
4715,1786
4716,1095
4717,1503
4718,709
4719,1801
4720,710
4721,1095
4722,1943
4723,1801
4724,756
4725,711
4726,1687
4727,1412
4728,1786
4729,1801
4730,1481
4731,1675
4732,1580
4733,1943
4734,947
4735,1943
4736,1493
4737,1687
4738,1353
4739,756
4740,1580
4741,1801
4742,1412
4743,1481
4744,1801
4745,1687
4746,1943
4747,1801
4748,756
4749,1943
4750,1675
4751,819
4752,1943
4753,712
4754,947
4755,1481
4756,713
4757,1801
4758,1498
4759,1580
4760,714
4761,1498
4762,1093
4763,1855
4764,1943
4765,1943
4766,1675
4767,1687
4768,715
4769,716
4770,1801
4771,819
4772,717
4773,1493
4774,1675
4775,718
4776,1883
4777,1801
4778,1874
4779,1687
4780,1801
4781,719
4782,1675
4783,1493
4784,741
4785,720
4786,1883
4787,1493
4788,1883
4789,1675
4790,1013
4791,1583
4792,1583
4793,1583
4794,1184
4795,858
4796,1666
4797,721
4798,1687
4799,983
4800,1554
4801,1468
4802,722
4803,1912
4804,1927
4805,723
4806,724
4807,983
4808,858
4809,1554
4810,1468
4811,1468
4812,1096
4813,1927
4814,1184
4815,1927
4816,1013
4817,1498
4818,741
4819,1308
4820,900
4821,1752
4822,1752
4823,1013
4824,1815
4825,725
4826,1143
4827,1752
4828,1308
4829,1121
4830,900
4831,1666
4832,884
4833,1308
4834,1554
4835,1143
4836,1121
4837,1367
4838,1308
4839,839
4840,839
4841,884
4842,1121
4843,1322
4844,1815
4845,1815
4846,1538
4847,1526
4848,1526
4849,900
4850,1815
4851,1815
4852,1815
4853,1498
4854,1815
4855,1815
4856,726
4857,1322
4858,1322
4859,1538
4860,768
4861,1650
4862,1650
4863,1912
4864,1342
4865,1143
4866,1778
4867,1603
4868,970
4869,1815
4870,1815
4871,1096
4872,1951
4873,1096
4874,1951
4875,970
4876,727
4877,1342
4878,1342
4879,728
4880,1951
4881,1241
4882,1241
4883,1538
4884,1526
4885,1526
4886,768
4887,1778
4888,1951
4889,1815
4890,987
4891,987
4892,1912
4893,729
4894,1513
4895,987
4896,1912
4897,1815
4898,1815
4899,1778
4900,987
4901,1778
4902,1603
4903,1912
4904,730
4905,1317
4906,1317
4907,731
4908,1513
4909,1513
4910,732
4911,1826
4912,806
4913,1603
4914,1826
4915,1234
4916,1603
4917,970
4918,970
4919,1778
4920,1650
4921,733
4922,1689
4923,1367
4924,1367
4925,1826
4926,1367
4927,1246
4928,872
4929,734
4930,987
4931,1208
4932,1778
4933,735
4934,1234
4935,1513
4936,806
4937,1235
4938,1650
4939,1689
4940,1689
4941,1689
4942,1689
4943,1689
4944,1912
4945,1208
4946,1826
4947,1235
4948,806
4949,736
4950,1390
4951,1650
4952,1650
4953,1689
4954,1689
4955,1689
4956,1689
4957,1689
4958,1689
4959,1246
4960,1390
4961,1049
4962,872
4963,1912
4964,1440
4965,1912
4966,737
4967,1234
4968,1570
4969,738
4970,1677
4971,1235
4972,1689
4973,1440
4974,1390
4975,1440
4976,1677
4977,1570
4978,1049
4979,739
4980,1032
4981,1032
4982,1032
4983,1032
4984,1689
4985,1235
4986,1677
4987,1049
4988,1570
4989,1049
4990,1677
4991,1040
4992,1677
4993,1985
4994,1040
4995,740
4996,1985
